iter	Logloss
0	0.476817306
1	0.4257420507
2	0.415864552
3	0.4129188075
4	0.4111623309
5	0.4102624447
6	0.4089222706
7	0.4082600926
8	0.4075960713
9	0.4069332615
